[
  {
    "code": "US",
    "name": "United States",
    "city": [
      {
        "code": "NY",
        "name": "New York"
      },
      {
        "code": "CA",
        "name": "California"
      },
      {
        "code": "TX",
        "name": "Texas"
      },
      {
        "code": "FL",
        "name": "Florida"
      },
      {
        "code": "IL",
        "name": "Illinois"
      },
      {
        "code": "PA",
        "name": "Pennsylvania"
      },
      {
        "code": "OH",
        "name": "Ohio"
      },
      {
        "code": "GA",
        "name": "Georgia"
      },
      {
        "code": "NC",
        "name": "North Carolina"
      },
      {
        "code": "MI",
        "name": "Michigan"
      },
      {
        "code": "NJ",
        "name": "New Jersey"
      },
      {
        "code": "VA",
        "name": "Virginia"
      },
      {
        "code": "WA",
        "name": "Washington"
      },
      {
        "code": "MA",
        "name": "Massachusetts"
      },
      {
        "code": "IN",
        "name": "Indiana"
      },
      {
        "code": "AZ",
        "name": "Arizona"
      },
      {
        "code": "TN",
        "name": "Tennessee"
      },
      {
        "code": "MO",
        "name": "Missouri"
      },
      {
        "code": "MD",
        "name": "Maryland"
      },
      {
        "code": "WI",
        "name": "Wisconsin"
      },
      {
        "code": "MN",
        "name": "Minnesota"
      },
      {
        "code": "CO",
        "name": "Colorado"
      },
      {
        "code": "SC",
        "name": "South Carolina"
      },
      {
        "code": "AL",
        "name": "Alabama"
      },
      {
        "code": "LA",
        "name": "Louisiana"
      },
      {
        "code": "KY",
        "name": "Kentucky"
      },
      {
        "code": "OR",
        "name": "Oregon"
      },
      {
        "code": "OK",
        "name": "Oklahoma"
      },
      {
        "code": "CT",
        "name": "Connecticut"
      },
      {
        "code": "IA",
        "name": "Iowa"
      },
      {
        "code": "MS",
        "name": "Mississippi"
      },
      {
        "code": "AR",
        "name": "Arkansas"
      },
      {
        "code": "UT",
        "name": "Utah"
      },
      {
        "code": "KS",
        "name": "Kansas"
      },
      {
        "code": "NV",
        "name": "Nevada"
      },
      {
        "code": "NM",
        "name": "New Mexico"
      },
      {
        "code": "NE",
        "name": "Nebraska"
      },
      {
        "code": "WV",
        "name": "West Virginia"
      },
      {
        "code": "ID",
        "name": "Idaho"
      },
      {
        "code": "HI",
        "name": "Hawaii"
      },
      {
        "code": "ME",
        "name": "Maine"
      },
      {
        "code": "NH",
        "name": "New Hampshire"
      },
      {
        "code": "RI",
        "name": "Rhode Island"
      },
      {
        "code": "MT",
        "name": "Montana"
      },
      {
        "code": "DE",
        "name": "Delaware"
      },
      {
        "code": "SD",
        "name": "South Dakota"
      },
      {
        "code": "ND",
        "name": "North Dakota"
      },
      {
        "code": "AK",
        "name": "Alaska"
      },
      {
        "code": "DC",
        "name": "District of Columbia"
      },
      {
        "code": "VT",
        "name": "Vermont"
      },
      {
        "code": "WY",
        "name": "Wyoming"
      }
    ]
  },
  {
    "code": "JP",
    "name": "Japan",
    "city": [
      {
        "code": "Hokkaido",
        "name": "Hokkaido"
      },
      {
        "code": "Aomori",
        "name": "Aomori"
      },
      {
        "code": "Iwate",
        "name": "Iwate"
      },
      {
        "code": "Miyagi",
        "name": "Miyagi"
      },
      {
        "code": "Akita",
        "name": "Akita"
      },
      {
        "code": "Yamagata",
        "name": "Yamagata"
      },
      {
        "code": "Fukushima",
        "name": "Fukushima"
      },
      {
        "code": "Ibaraki",
        "name": "Ibaraki"
      },
      {
        "code": "Tochigi",
        "name": "Tochigi"
      },
      {
        "code": "Gunma",
        "name": "Gunma"
      },
      {
        "code": "Saitama",
        "name": "Saitama"
      },
      {
        "code": "Chiba",
        "name": "Chiba"
      },
      {
        "code": "Tokyo",
        "name": "Tokyo"
      },
      {
        "code": "Kanagawa",
        "name": "Kanagawa"
      },
      {
        "code": "Niigata",
        "name": "Niigata"
      },
      {
        "code": "Toyama",
        "name": "Toyama"
      },
      {
        "code": "Ishikawa",
        "name": "Ishikawa"
      },
      {
        "code": "Fukui",
        "name": "Fukui"
      },
      {
        "code": "Yamanashi",
        "name": "Yamanashi"
      },
      {
        "code": "Nagano",
        "name": "Nagano"
      },
      {
        "code": "Gifu",
        "name": "Gifu"
      },
      {
        "code": "Shizuoka",
        "name": "Shizuoka"
      },
      {
        "code": "Aichi",
        "name": "Aichi"
      }
    ]
  },
  {
    "code": "CN",
    "name": "China",
    "city": [
      {
        "code": "Beijing",
        "name": "Beijing"
      },
      {
        "code": "Tianjin",
        "name": "Tianjin"
      },
      {
        "code": "Hebei",
        "name": "Hebei"
      },
      {
        "code": "Shanxi",
        "name": "Shanxi"
      },
      {
        "code": "Neimenggu",
        "name": "Neimenggu"
      },
      {
        "code": "Liaoning",
        "name": "Liaoning"
      },
      {
        "code": "Jilin",
        "name": "Jilin"
      },
      {
        "code": "Heilongjiang",
        "name": "Heilongjiang"
      },
      {
        "code": "Shanghai",
        "name": "Shanghai"
      },
      {
        "code": "Jiangsu",
        "name": "Jiangsu"
      },
      {
        "code": "Zhejiang",
        "name": "Zhejiang"
      },
      {
        "code": "Anhui",
        "name": "Anhui"
      },
      {
        "code": "Fujian",
        "name": "Fujian"
      },
      {
        "code": "Jiangxi",
        "name": "Jiangxi"
      },
      {
        "code": "Shandong",
        "name": "Shandong"
      },
      {
        "code": "Henan",
        "name": "Henan"
      },
      {
        "code": "Hubei",
        "name": "Hubei"
      },
      {
        "code": "Hunan",
        "name": "Hunan"
      },
      {
        "code": "Guangdong",
        "name": "Guangdong"
      },
      {
        "code": "Guangxi",
        "name": "Guangxi"
      },
      {
        "code": "Hainan",
        "name": "Hainan"
      },
      {
        "code": "Chongqing",
        "name": "Chongqing"
      },
      {
        "code": "Sichuan",
        "name": "Sichuan"
      },
      {
        "code": "Guizhou",
        "name": "Guizhou"
      },
      {
        "code": "Yunnan",
        "name": "Yunnan"
      },
      {
        "code": "Xizang",
        "name": "Xizang"
      },
      {
        "code": "Shaanxi",
        "name": "Shaanxi"
      },
      {
        "code": "Gansu",
        "name": "Gansu"
      },
      {
        "code": "Qinghai",
        "name": "Qinghai"
      },
      {
        "code": "Ningxia",
        "name": "Ningxia"
      },
      {
        "code": "Xinjiang",
        "name": "Xinjiang"
      },
      {
        "code": "Taiwan",
        "name": "Taiwan"
      },
      {
        "code": "Hong Kong",
        "name": "Hong Kong"
      },
      {
        "code": "Macao",
        "name": "Macao"
      }
    ]
  },
  {
    "code": "RU",
    "name": "Russian Federation"
  },
  {
    "code": "IT",
    "name": "Italy"
  },
  {
    "code": "GB",
    "name": "United Kingdom"
  },
  {
    "code": "DE",
    "name": "Germany"
  },
  {
    "code": "ES",
    "name": "Spain"
  },
  {
    "code": "FR",
    "name": "France"
  },
  {
    "code": "AF",
    "name": "Afghanistan"
  },
  {
    "code": "AX",
    "name": "Åland Islands"
  },
  {
    "code": "AL",
    "name": "Albania"
  },
  {
    "code": "DZ",
    "name": "Algeria"
  },
  {
    "code": "AS",
    "name": "American Samoa"
  },
  {
    "code": "AD",
    "name": "Andorra"
  },
  {
    "code": "AO",
    "name": "Angola"
  },
  {
    "code": "AI",
    "name": "Anguilla"
  },
  {
    "code": "AQ",
    "name": "Antarctica"
  },
  {
    "code": "AG",
    "name": "Antigua and Barbuda"
  },
  {
    "code": "AR",
    "name": "Argentina"
  },
  {
    "code": "AM",
    "name": "Armenia"
  },
  {
    "code": "AW",
    "name": "Aruba"
  },
  {
    "code": "AU",
    "name": "Australia"
  },
  {
    "code": "AT",
    "name": "Austria"
  },
  {
    "code": "AZ",
    "name": "Azerbaijan"
  },
  {
    "code": "BS",
    "name": "Bahamas"
  },
  {
    "code": "BH",
    "name": "Bahrain"
  },
  {
    "code": "BD",
    "name": "Bangladesh"
  },
  {
    "code": "BB",
    "name": "Barbados"
  },
  {
    "code": "BY",
    "name": "Belarus"
  },
  {
    "code": "BE",
    "name": "Belgium"
  },
  {
    "code": "BZ",
    "name": "Belize"
  },
  {
    "code": "BJ",
    "name": "Benin"
  },
  {
    "code": "BM",
    "name": "Bermuda"
  },
  {
    "code": "BT",
    "name": "Bhutan"
  },
  {
    "code": "BO",
    "name": "Bolivia, Plurinational State of"
  },
  {
    "code": "BQ",
    "name": "Bonaire, Sint Eustatius and Saba"
  },
  {
    "code": "BA",
    "name": "Bosnia and Herzegovina"
  },
  {
    "code": "BW",
    "name": "Botswana"
  },
  {
    "code": "BV",
    "name": "Bouvet Island"
  },
  {
    "code": "BR",
    "name": "Brazil"
  },
  {
    "code": "IO",
    "name": "British Indian Ocean Territory"
  },
  {
    "code": "BN",
    "name": "Brunei Darussalam"
  },
  {
    "code": "BG",
    "name": "Bulgaria"
  },
  {
    "code": "BF",
    "name": "Burkina Faso"
  },
  {
    "code": "BI",
    "name": "Burundi"
  },
  {
    "code": "CV",
    "name": "Cabo Verde"
  },
  {
    "code": "KH",
    "name": "Cambodia"
  },
  {
    "code": "CM",
    "name": "Cameroon"
  },
  {
    "code": "CA",
    "name": "Canada"
  },
  {
    "code": "KY",
    "name": "Cayman Islands"
  },
  {
    "code": "CF",
    "name": "Central African Republic"
  },
  {
    "code": "TD",
    "name": "Chad"
  },
  {
    "code": "CL",
    "name": "Chile"
  },
  {
    "code": "CX",
    "name": "Christmas Island"
  },
  {
    "code": "CC",
    "name": "Cocos (Keeling) Islands"
  },
  {
    "code": "CO",
    "name": "Colombia"
  },
  {
    "code": "KM",
    "name": "Comoros"
  },
  {
    "code": "CG",
    "name": "Congo"
  },
  {
    "code": "CD",
    "name": "Congo, The Democratic Republic of the"
  },
  {
    "code": "CK",
    "name": "Cook Islands"
  },
  {
    "code": "CR",
    "name": "Costa Rica"
  },
  {
    "code": "HR",
    "name": "Croatia"
  },
  {
    "code": "CU",
    "name": "Cuba"
  },
  {
    "code": "CW",
    "name": "Curaçao"
  },
  {
    "code": "CY",
    "name": "Cyprus"
  },
  {
    "code": "CZ",
    "name": "Czechia"
  },
  {
    "code": "CI",
    "name": "Côte d'Ivoire"
  },
  {
    "code": "DK",
    "name": "Denmark"
  },
  {
    "code": "DJ",
    "name": "Djibouti"
  },
  {
    "code": "DM",
    "name": "Dominica"
  },
  {
    "code": "DO",
    "name": "Dominican Republic"
  },
  {
    "code": "EC",
    "name": "Ecuador"
  },
  {
    "code": "EG",
    "name": "Egypt"
  },
  {
    "code": "SV",
    "name": "El Salvador"
  },
  {
    "code": "GQ",
    "name": "Equatorial Guinea"
  },
  {
    "code": "ER",
    "name": "Eritrea"
  },
  {
    "code": "EE",
    "name": "Estonia"
  },
  {
    "code": "SZ",
    "name": "Eswatini"
  },
  {
    "code": "ET",
    "name": "Ethiopia"
  },
  {
    "code": "FK",
    "name": "Falkland Islands"
  },
  {
    "code": "FO",
    "name": "Faroe Islands"
  },
  {
    "code": "FJ",
    "name": "Fiji"
  },
  {
    "code": "FI",
    "name": "Finland"
  },
  {
    "code": "GF",
    "name": "French Guiana"
  },
  {
    "code": "PF",
    "name": "French Polynesia"
  },
  {
    "code": "TF",
    "name": "French Southern Territories"
  },
  {
    "code": "GA",
    "name": "Gabon"
  },
  {
    "code": "GM",
    "name": "Gambia"
  },
  {
    "code": "GE",
    "name": "Georgia"
  },
  {
    "code": "GH",
    "name": "Ghana"
  },
  {
    "code": "GI",
    "name": "Gibraltar"
  },
  {
    "code": "GR",
    "name": "Greece"
  },
  {
    "code": "GL",
    "name": "Greenland"
  },
  {
    "code": "GD",
    "name": "Grenada"
  },
  {
    "code": "GP",
    "name": "Guadeloupe"
  },
  {
    "code": "GU",
    "name": "Guam"
  },
  {
    "code": "GT",
    "name": "Guatemala"
  },
  {
    "code": "GG",
    "name": "Guernsey"
  },
  {
    "code": "GN",
    "name": "Guinea"
  },
  {
    "code": "GW",
    "name": "Guinea-Bissau"
  },
  {
    "code": "GY",
    "name": "Guyana"
  },
  {
    "code": "HT",
    "name": "Haiti"
  },
  {
    "code": "HM",
    "name": "Heard Island and McDonald Islands"
  },
  {
    "code": "HN",
    "name": "Honduras"
  },
  {
    "code": "HK",
    "name": "Hong Kong"
  },
  {
    "code": "HU",
    "name": "Hungary"
  },
  {
    "code": "IS",
    "name": "Iceland"
  },
  {
    "code": "IN",
    "name": "India"
  },
  {
    "code": "ID",
    "name": "Indonesia"
  },
  {
    "code": "IR",
    "name": "Iran, Islamic Republic of"
  },
  {
    "code": "IQ",
    "name": "Iraq"
  },
  {
    "code": "IE",
    "name": "Ireland"
  },
  {
    "code": "IM",
    "name": "Isle of Man"
  },
  {
    "code": "IL",
    "name": "Israel"
  },
  {
    "code": "JM",
    "name": "Jamaica"
  },
  {
    "code": "JE",
    "name": "Jersey"
  },
  {
    "code": "JO",
    "name": "Jordan"
  },
  {
    "code": "KZ",
    "name": "Kazakhstan"
  },
  {
    "code": "KE",
    "name": "Kenya"
  },
  {
    "code": "KI",
    "name": "Kiribati"
  },
  {
    "code": "KR",
    "name": "Korea"
  },
  {
    "code": "KP",
    "name": "Korea, Democratic People's Republic of"
  },
  {
    "code": "KW",
    "name": "Kuwait"
  },
  {
    "code": "KG",
    "name": "Kyrgyzstan"
  },
  {
    "code": "LA",
    "name": "Lao People's Democratic Republic"
  },
  {
    "code": "LV",
    "name": "Latvia"
  },
  {
    "code": "LB",
    "name": "Lebanon"
  },
  {
    "code": "LS",
    "name": "Lesotho"
  },
  {
    "code": "LR",
    "name": "Liberia"
  },
  {
    "code": "LY",
    "name": "Libya"
  },
  {
    "code": "LI",
    "name": "Liechtenstein"
  },
  {
    "code": "LT",
    "name": "Lithuania"
  },
  {
    "code": "LU",
    "name": "Luxembourg"
  },
  {
    "code": "MO",
    "name": "Macao"
  },
  {
    "code": "MK",
    "name": "Macedonia"
  },
  {
    "code": "MG",
    "name": "Madagascar"
  },
  {
    "code": "MW",
    "name": "Malawi"
  },
  {
    "code": "MY",
    "name": "Malaysia"
  },
  {
    "code": "MV",
    "name": "Maldives"
  },
  {
    "code": "ML",
    "name": "Mali"
  },
  {
    "code": "MT",
    "name": "Malta"
  },
  {
    "code": "MH",
    "name": "Marshall Islands"
  },
  {
    "code": "MQ",
    "name": "Martinique"
  },
  {
    "code": "MR",
    "name": "Mauritania"
  },
  {
    "code": "MU",
    "name": "Mauritius"
  },
  {
    "code": "YT",
    "name": "Mayotte"
  },
  {
    "code": "MX",
    "name": "Mexico"
  },
  {
    "code": "FM",
    "name": "Micronesia, Federated States of"
  },
  {
    "code": "MD",
    "name": "Moldova, Republic of"
  },
  {
    "code": "MC",
    "name": "Monaco"
  },
  {
    "code": "MN",
    "name": "Mongolia"
  },
  {
    "code": "ME",
    "name": "Montenegro"
  },
  {
    "code": "MS",
    "name": "Montserrat"
  },
  {
    "code": "MA",
    "name": "Morocco"
  },
  {
    "code": "MZ",
    "name": "Mozambique"
  },
  {
    "code": "MM",
    "name": "Myanmar"
  },
  {
    "code": "NA",
    "name": "Namibia"
  },
  {
    "code": "NR",
    "name": "Nauru"
  },
  {
    "code": "NP",
    "name": "Nepal"
  },
  {
    "code": "NL",
    "name": "Netherlands"
  },
  {
    "code": "NC",
    "name": "New Caledonia"
  },
  {
    "code": "NZ",
    "name": "New Zealand"
  },
  {
    "code": "NI",
    "name": "Nicaragua"
  },
  {
    "code": "NE",
    "name": "Niger"
  },
  {
    "code": "NG",
    "name": "Nigeria"
  },
  {
    "code": "NU",
    "name": "Niue"
  },
  {
    "code": "NF",
    "name": "Norfolk Island"
  },
  {
    "code": "MP",
    "name": "Northern Mariana Islands"
  },
  {
    "code": "NO",
    "name": "Norway"
  },
  {
    "code": "OM",
    "name": "Oman"
  },
  {
    "code": "PK",
    "name": "Pakistan"
  },
  {
    "code": "PW",
    "name": "Palau"
  },
  {
    "code": "PS",
    "name": "Palestine, State of"
  },
  {
    "code": "PA",
    "name": "Panama"
  },
  {
    "code": "PG",
    "name": "Papua New Guinea"
  },
  {
    "code": "PY",
    "name": "Paraguay"
  },
  {
    "code": "PE",
    "name": "Peru"
  },
  {
    "code": "PH",
    "name": "Philippines"
  },
  {
    "code": "PN",
    "name": "Pitcairn"
  },
  {
    "code": "PL",
    "name": "Poland"
  },
  {
    "code": "PT",
    "name": "Portugal"
  },
  {
    "code": "PR",
    "name": "Puerto Rico"
  },
  {
    "code": "QA",
    "name": "Qatar"
  },
  {
    "code": "RO",
    "name": "Romania"
  },
  {
    "code": "RW",
    "name": "Rwanda"
  },
  {
    "code": "RE",
    "name": "Réunion"
  },
  {
    "code": "BL",
    "name": "Saint Barthélemy"
  },
  {
    "code": "SH",
    "name": "Saint Helena"
  },
  {
    "code": "KN",
    "name": "Saint Kitts and Nevis"
  },
  {
    "code": "LC",
    "name": "Saint Lucia"
  },
  {
    "code": "MF",
    "name": "Saint Martin"
  },
  {
    "code": "PM",
    "name": "Saint Pierre and Miquelon"
  },
  {
    "code": "VC",
    "name": "Saint Vincent and the Grenadines"
  },
  {
    "code": "WS",
    "name": "Samoa"
  },
  {
    "code": "SM",
    "name": "San Marino"
  },
  {
    "code": "ST",
    "name": "Sao Tome and Principe"
  },
  {
    "code": "SA",
    "name": "Saudi Arabia"
  },
  {
    "code": "SN",
    "name": "Senegal"
  },
  {
    "code": "RS",
    "name": "Serbia"
  },
  {
    "code": "SC",
    "name": "Seychelles"
  },
  {
    "code": "SL",
    "name": "Sierra Leone"
  },
  {
    "code": "SG",
    "name": "Singapore"
  },
  {
    "code": "SX",
    "name": "Sint Maarten"
  },
  {
    "code": "SK",
    "name": "Slovakia"
  },
  {
    "code": "SI",
    "name": "Slovenia"
  },
  {
    "code": "SB",
    "name": "Solomon Islands"
  },
  {
    "code": "SO",
    "name": "Somalia"
  },
  {
    "code": "ZA",
    "name": "South Africa"
  },
  {
    "code": "GS",
    "name": "South Georgia and the South Sandwich Islands"
  },
  {
    "code": "SS",
    "name": "South Sudan"
  },
  {
    "code": "LK",
    "name": "Sri Lanka"
  },
  {
    "code": "SD",
    "name": "Sudan"
  },
  {
    "code": "SR",
    "name": "Suriname"
  },
  {
    "code": "SJ",
    "name": "Svalbard and Jan Mayen"
  },
  {
    "code": "SE",
    "name": "Sweden"
  },
  {
    "code": "CH",
    "name": "Switzerland"
  },
  {
    "code": "SY",
    "name": "Syrian Arab Republic"
  },
  {
    "code": "TW",
    "name": "Taiwan"
  },
  {
    "code": "TJ",
    "name": "Tajikistan"
  },
  {
    "code": "TZ",
    "name": "Tanzania, United Republic of"
  },
  {
    "code": "TH",
    "name": "Thailand"
  },
  {
    "code": "TL",
    "name": "Timor-Leste"
  },
  {
    "code": "TG",
    "name": "Togo"
  },
  {
    "code": "TK",
    "name": "Tokelau"
  },
  {
    "code": "TO",
    "name": "Tonga"
  },
  {
    "code": "TT",
    "name": "Trinidad and Tobago"
  },
  {
    "code": "TN",
    "name": "Tunisia"
  },
  {
    "code": "TR",
    "name": "Turkey"
  },
  {
    "code": "TM",
    "name": "Turkmenistan"
  },
  {
    "code": "TC",
    "name": "Turks and Caicos Islands"
  },
  {
    "code": "TV",
    "name": "Tuvalu"
  },
  {
    "code": "UG",
    "name": "Uganda"
  },
  {
    "code": "UA",
    "name": "Ukraine"
  },
  {
    "code": "AE",
    "name": "United Arab Emirates"
  },
  {
    "code": "UM",
    "name": "United States Minor Outlying Islands"
  },
  {
    "code": "UY",
    "name": "Uruguay"
  },
  {
    "code": "UZ",
    "name": "Uzbekistan"
  },
  {
    "code": "VU",
    "name": "Vanuatu"
  },
  {
    "code": "VA",
    "name": "Vatican City State"
  },
  {
    "code": "VE",
    "name": "Venezuela, Bolivarian Republic of"
  },
  {
    "code": "VN",
    "name": "Viet Nam"
  },
  {
    "code": "VG",
    "name": "Virgin Islands, British"
  },
  {
    "code": "VI",
    "name": "Virgin Islands, U.S."
  },
  {
    "code": "WF",
    "name": "Wallis and Futuna"
  },
  {
    "code": "EH",
    "name": "Western Sahara"
  },
  {
    "code": "YE",
    "name": "Yemen"
  },
  {
    "code": "ZM",
    "name": "Zambia"
  },
  {
    "code": "ZW",
    "name": "Zimbabwe"
  }
]